,count,mean,std,min,25%,50%,75%,max
GiaTien,37486.0,1313932674.4117804,81381035587.87764,0.0,300000000.0,489000000.0,710000000.0,11099000000000.0
SoKmDaDi,37486.0,55637.64205303313,103570.52830606457,0.0,40.0,30000.0,70000.0,1000000.0
SoCho,37486.0,5.665608493837699,1.7025070174889472,2.0,5.0,5.0,7.0,29.0
TinhTrang_Cũ,37486.0,0.7745291575521528,0.4178975956104414,0.0,1.0,1.0,1.0,1.0
TinhTrang_Mới,37486.0,0.2254708424478472,0.4178975956104414,0.0,0.0,0.0,0.0,1.0
Hang_acura,37486.0,0.0007469455263298298,0.027320459555880063,0.0,0.0,0.0,0.0,1.0
Hang_alfa romeo,37486.0,2.6676625940351065e-05,0.0051649420074528505,0.0,0.0,0.0,0.0,1.0
Hang_asia,37486.0,0.0002934428853438617,0.017127889612987068,0.0,0.0,0.0,0.0,1.0
Hang_audi,37486.0,0.00450834978391933,0.06699361383513865,0.0,0.0,0.0,0.0,1.0
Hang_baic,37486.0,0.00010670650376140426,0.010329470645929964,0.0,0.0,0.0,0.0,1.0
Hang_bentley,37486.0,0.0002934428853438617,0.017127889612987068,0.0,0.0,0.0,0.0,1.0
Hang_bmw,37486.0,0.011257536146828149,0.1055040329416265,0.0,0.0,0.0,0.0,1.0
Hang_buick,37486.0,2.6676625940351065e-05,0.005164942007452849,0.0,0.0,0.0,0.0,1.0
Hang_byd,37486.0,0.0001600597556421064,0.01265062867218139,0.0,0.0,0.0,0.0,1.0
Hang_cadillac,37486.0,0.0003201195112842128,0.017889258564434223,0.0,0.0,0.0,0.0,1.0
Hang_changan,37486.0,0.00024008963346315958,0.015493172491310716,0.0,0.0,0.0,0.0,1.0
Hang_chery,37486.0,0.00018673638158245745,0.013664058394397082,0.0,0.0,0.0,0.0,1.0
Hang_chevrolet,37486.0,0.04663074214373366,0.2108494771324073,0.0,0.0,0.0,0.0,1.0
Hang_chrysler,37486.0,0.00021341300752280852,0.01460729798719998,0.0,0.0,0.0,0.0,1.0
Hang_daewoo,37486.0,0.023235341194045776,0.1506521342965095,0.0,0.0,0.0,0.0,1.0
Hang_daihatsu,37486.0,0.001200448167315798,0.03462714365682439,0.0,0.0,0.0,0.0,1.0
Hang_dodge,37486.0,8.00298778210532e-05,0.008945703317957483,0.0,0.0,0.0,0.0,1.0
Hang_dongben,37486.0,2.6676625940351065e-05,0.005164942007452849,0.0,0.0,0.0,0.0,1.0
Hang_dongfeng,37486.0,2.6676625940351065e-05,0.00516494200745285,0.0,0.0,0.0,0.0,1.0
Hang_ferrari,37486.0,2.6676625940351065e-05,0.005164942007452849,0.0,0.0,0.0,0.0,1.0
Hang_fiat,37486.0,0.0018406871898842235,0.042864298370561646,0.0,0.0,0.0,0.0,1.0
Hang_ford,37486.0,0.11740383076348504,0.32190516553145854,0.0,0.0,0.0,0.0,1.0
Hang_geely,37486.0,2.6676625940351065e-05,0.005164942007452849,0.0,0.0,0.0,0.0,1.0
Hang_gmc,37486.0,2.6676625940351065e-05,0.0051649420074528505,0.0,0.0,0.0,0.0,1.0
Hang_haima,37486.0,0.0003467961372245638,0.018619482217639226,0.0,0.0,0.0,0.0,1.0
Hang_hino,37486.0,2.6676625940351065e-05,0.005164942007452849,0.0,0.0,0.0,0.0,1.0
Hang_honda,37486.0,0.05063223603478632,0.2192484778773009,0.0,0.0,0.0,0.0,1.0
Hang_hummer,37486.0,2.6676625940351065e-05,0.0051649420074528505,0.0,0.0,0.0,0.0,1.0
Hang_hyundai,37486.0,0.13767806647815184,0.34456637052626876,0.0,0.0,0.0,0.0,1.0
Hang_infiniti,37486.0,0.00010670650376140426,0.010329470645929964,0.0,0.0,0.0,0.0,1.0
Hang_isuzu,37486.0,0.0069892759963719785,0.083310330508926,0.0,0.0,0.0,0.0,1.0
Hang_jac,37486.0,2.6676625940351065e-05,0.005164942007452849,0.0,0.0,0.0,0.0,1.0
Hang_jaguar,37486.0,0.00042682601504561704,0.020655634009153743,0.0,0.0,0.0,0.0,1.0
Hang_jeep,37486.0,0.0001600597556421064,0.012650628672181388,0.0,0.0,0.0,0.0,1.0
Hang_kia,37486.0,0.12404631062263245,0.32963877528540575,0.0,0.0,0.0,0.0,1.0
Hang_lada,37486.0,5.335325188070213e-05,0.007304233605108039,0.0,0.0,0.0,0.0,1.0
Hang_lamborghini,37486.0,5.335325188070213e-05,0.0073042336051080394,0.0,0.0,0.0,0.0,1.0
Hang_land_rover,37486.0,0.0017339806861228191,0.041605530580448954,0.0,0.0,0.0,0.0,1.0
Hang_landrover,37486.0,0.003067811983140372,0.05530354511927309,0.0,0.0,0.0,0.0,1.0
Hang_lexus,37486.0,0.009336819079122873,0.09617634659547343,0.0,0.0,0.0,0.0,1.0
Hang_lifan,37486.0,0.00026676625940351065,0.016331019866543704,0.0,0.0,0.0,0.0,1.0
Hang_lincoln,37486.0,0.0007469455263298298,0.027320459555880066,0.0,0.0,0.0,0.0,1.0
Hang_luxgen,37486.0,0.00021341300752280852,0.01460729798719998,0.0,0.0,0.0,0.0,1.0
Hang_maserati,37486.0,0.00018673638158245745,0.013664058394397084,0.0,0.0,0.0,0.0,1.0
Hang_maybach,37486.0,2.6676625940351065e-05,0.00516494200745285,0.0,0.0,0.0,0.0,1.0
Hang_mazda,37486.0,0.06733180387344609,0.2505990968663522,0.0,0.0,0.0,0.0,1.0
Hang_mekong,37486.0,0.0006669156485087766,0.02581644149945932,0.0,0.0,0.0,0.0,1.0
Hang_mercedes benz,37486.0,0.0502054100197407,0.21837147004293878,0.0,0.0,0.0,0.0,1.0
Hang_mercedes_benz,37486.0,0.008243077415568479,0.09041762649488262,0.0,0.0,0.0,0.0,1.0
Hang_mg,37486.0,0.0005335325188070213,0.023092468198346254,0.0,0.0,0.0,0.0,1.0
Hang_mini,37486.0,0.0005335325188070213,0.023092468198346254,0.0,0.0,0.0,0.0,1.0
Hang_mitsubishi,37486.0,0.05292642586565651,0.22388960788330836,0.0,0.0,0.0,0.0,1.0
Hang_nissan,37486.0,0.01173771541375447,0.10770446093906426,0.0,0.0,0.0,0.0,1.0
Hang_opel,37486.0,5.335325188070213e-05,0.0073042336051080394,0.0,0.0,0.0,0.0,1.0
Hang_peugeot,37486.0,0.0031745184869017766,0.0562541139663298,0.0,0.0,0.0,0.0,1.0
Hang_pontiac,37486.0,0.0001600597556421064,0.012650628672181388,0.0,0.0,0.0,0.0,1.0
Hang_porsche,37486.0,0.0011737715413754467,0.03424069330620155,0.0,0.0,0.0,0.0,1.0
Hang_proton,37486.0,0.00013338312970175532,0.011548545210312407,0.0,0.0,0.0,0.0,1.0
Hang_renault,37486.0,0.0001600597556421064,0.01265062867218139,0.0,0.0,0.0,0.0,1.0
Hang_reult,37486.0,5.335325188070213e-05,0.0073042336051080394,0.0,0.0,0.0,0.0,1.0
Hang_rolls royce,37486.0,0.00010670650376140426,0.010329470645929964,0.0,0.0,0.0,0.0,1.0
Hang_rolls_royce,37486.0,8.00298778210532e-05,0.008945703317957483,0.0,0.0,0.0,0.0,1.0
Hang_rover,37486.0,8.00298778210532e-05,0.008945703317957483,0.0,0.0,0.0,0.0,1.0
Hang_samsung,37486.0,0.00010670650376140426,0.010329470645929964,0.0,0.0,0.0,0.0,1.0
Hang_scion,37486.0,5.335325188070213e-05,0.007304233605108039,0.0,0.0,0.0,0.0,1.0
Hang_ssangyong,37486.0,0.0015739209304807128,0.03964196797990112,0.0,0.0,0.0,0.0,1.0
Hang_subaru,37486.0,0.0006402390225684256,0.025295181072681732,0.0,0.0,0.0,0.0,1.0
Hang_suzuki,37486.0,0.017393160113108895,0.13073291103280354,0.0,0.0,0.0,0.0,1.0
Hang_sym,37486.0,0.00013338312970175532,0.011548545210312407,0.0,0.0,0.0,0.0,1.0
Hang_thaco,37486.0,0.0008803286560315852,0.029657665815760823,0.0,0.0,0.0,0.0,1.0
Hang_toyota,37486.0,0.21704102865069627,0.41223628409628754,0.0,0.0,0.0,0.0,1.0
Hang_uaz,37486.0,0.00021341300752280852,0.01460729798719998,0.0,0.0,0.0,0.0,1.0
Hang_vinfast,37486.0,0.0019473936936456277,0.04408688242047733,0.0,0.0,0.0,0.0,1.0
Hang_vinfast ,37486.0,0.012591367443845702,0.1115040653268177,0.0,0.0,0.0,0.0,1.0
Hang_volkswagen,37486.0,0.003788080883529851,0.06143152285149952,0.0,0.0,0.0,0.0,1.0
Hang_volvo,37486.0,0.0007736221522701809,0.027803673916388768,0.0,0.0,0.0,0.0,1.0
Hang_zotye,37486.0,0.0004535026409859681,0.02129105608223929,0.0,0.0,0.0,0.0,1.0
DongXe_1 series,37486.0,0.00010670650376140426,0.010329470645929964,0.0,0.0,0.0,0.0,1.0
DongXe_100nx,37486.0,2.6676625940351065e-05,0.00516494200745285,0.0,0.0,0.0,0.0,1.0
DongXe_107,37486.0,5.335325188070213e-05,0.0073042336051080394,0.0,0.0,0.0,0.0,1.0
DongXe_159,37486.0,2.6676625940351065e-05,0.0051649420074528505,0.0,0.0,0.0,0.0,1.0
DongXe_19,37486.0,2.6676625940351065e-05,0.0051649420074528505,0.0,0.0,0.0,0.0,1.0
DongXe_190,37486.0,8.00298778210532e-05,0.008945703317957483,0.0,0.0,0.0,0.0,1.0
DongXe_2,37486.0,0.0062690070959825,0.07892954350558716,0.0,0.0,0.0,0.0,1.0
DongXe_2 series,37486.0,5.335325188070213e-05,0.0073042336051080394,0.0,0.0,0.0,0.0,1.0
DongXe_200sx,37486.0,5.335325188070213e-05,0.0073042336051080394,0.0,0.0,0.0,0.0,1.0
DongXe_205,37486.0,8.00298778210532e-05,0.008945703317957483,0.0,0.0,0.0,0.0,1.0
DongXe_207,37486.0,0.00010670650376140426,0.010329470645929964,0.0,0.0,0.0,0.0,1.0
DongXe_208,37486.0,0.00010670650376140426,0.010329470645929966,0.0,0.0,0.0,0.0,1.0
DongXe_21,37486.0,2.6676625940351065e-05,0.005164942007452849,0.0,0.0,0.0,0.0,1.0
DongXe_2107,37486.0,5.335325188070213e-05,0.007304233605108039,0.0,0.0,0.0,0.0,1.0
DongXe_3,37486.0,0.02534279464333351,0.15716614249759578,0.0,0.0,0.0,0.0,1.0
DongXe_3 series,37486.0,0.004454996532038628,0.06659780669000813,0.0,0.0,0.0,0.0,1.0
DongXe_300,37486.0,2.6676625940351065e-05,0.00516494200745285,0.0,0.0,0.0,0.0,1.0
DongXe_3008,37486.0,0.0010937416635543936,0.03305411531005007,0.0,0.0,0.0,0.0,1.0
DongXe_300c,37486.0,0.00013338312970175532,0.011548545210312407,0.0,0.0,0.0,0.0,1.0
DongXe_300e,37486.0,2.6676625940351065e-05,0.00516494200745285,0.0,0.0,0.0,0.0,1.0
DongXe_307,37486.0,5.335325188070213e-05,0.00730423360510804,0.0,0.0,0.0,0.0,1.0
DongXe_308,37486.0,0.0001600597556421064,0.01265062867218139,0.0,0.0,0.0,0.0,1.0
DongXe_320i,37486.0,2.6676625940351065e-05,0.005164942007452849,0.0,0.0,0.0,0.0,1.0
DongXe_323,37486.0,0.0018940404417649255,0.0434799204785863,0.0,0.0,0.0,0.0,1.0
DongXe_323f,37486.0,0.0001600597556421064,0.01265062867218139,0.0,0.0,0.0,0.0,1.0
DongXe_3_series,37486.0,2.6676625940351065e-05,0.00516494200745285,0.0,0.0,0.0,0.0,1.0
DongXe_4 runner,37486.0,0.0002934428853438617,0.017127889612987068,0.0,0.0,0.0,0.0,1.0
DongXe_4 series,37486.0,0.00021341300752280852,0.01460729798719998,0.0,0.0,0.0,0.0,1.0
DongXe_405,37486.0,2.6676625940351065e-05,0.00516494200745285,0.0,0.0,0.0,0.0,1.0
DongXe_408,37486.0,8.00298778210532e-05,0.008945703317957483,0.0,0.0,0.0,0.0,1.0
DongXe_5,37486.0,0.00024008963346315958,0.015493172491310717,0.0,0.0,0.0,0.0,1.0
DongXe_5 series,37486.0,0.0018140105639438723,0.04255312250357942,0.0,0.0,0.0,0.0,1.0
DongXe_500,37486.0,8.00298778210532e-05,0.00894570331795748,0.0,0.0,0.0,0.0,1.0
DongXe_5008,37486.0,0.0010403884116736916,0.03223869925328373,0.0,0.0,0.0,0.0,1.0
DongXe_505,37486.0,5.335325188070213e-05,0.0073042336051080394,0.0,0.0,0.0,0.0,1.0
DongXe_508,37486.0,8.00298778210532e-05,0.008945703317957483,0.0,0.0,0.0,0.0,1.0
DongXe_520,37486.0,0.0001600597556421064,0.01265062867218139,0.0,0.0,0.0,0.0,1.0
DongXe_520i,37486.0,5.335325188070213e-05,0.007304233605108039,0.0,0.0,0.0,0.0,1.0
DongXe_6,37486.0,0.007309395507656192,0.08518310756765889,0.0,0.0,0.0,0.0,1.0
DongXe_6 series,37486.0,2.6676625940351065e-05,0.0051649420074528505,0.0,0.0,0.0,0.0,1.0
DongXe_605,37486.0,8.00298778210532e-05,0.008945703317957483,0.0,0.0,0.0,0.0,1.0
DongXe_626,37486.0,0.0013605079229579043,0.03686045559267243,0.0,0.0,0.0,0.0,1.0
DongXe_7,37486.0,0.00010670650376140426,0.010329470645929964,0.0,0.0,0.0,0.0,1.0
DongXe_7 mpv,37486.0,0.00010670650376140426,0.010329470645929964,0.0,0.0,0.0,0.0,1.0
DongXe_7 series,37486.0,0.0005068558928666702,0.022508054218053165,0.0,0.0,0.0,0.0,1.0
DongXe_7 suv,37486.0,2.6676625940351065e-05,0.00516494200745285,0.0,0.0,0.0,0.0,1.0
DongXe_730li,37486.0,5.335325188070213e-05,0.007304233605108039,0.0,0.0,0.0,0.0,1.0
DongXe_80,37486.0,5.335325188070213e-05,0.00730423360510804,0.0,0.0,0.0,0.0,1.0
DongXe_86,37486.0,5.335325188070213e-05,0.007304233605108039,0.0,0.0,0.0,0.0,1.0
DongXe_911,37486.0,0.00013338312970175532,0.011548545210312407,0.0,0.0,0.0,0.0,1.0
DongXe_929,37486.0,2.6676625940351065e-05,0.00516494200745285,0.0,0.0,0.0,0.0,1.0
DongXe_940,37486.0,2.6676625940351065e-05,0.005164942007452849,0.0,0.0,0.0,0.0,1.0
DongXe_a class,37486.0,0.00021341300752280852,0.01460729798719998,0.0,0.0,0.0,0.0,1.0
DongXe_a1,37486.0,2.6676625940351065e-05,0.0051649420074528505,0.0,0.0,0.0,0.0,1.0
DongXe_a2,37486.0,2.6676625940351065e-05,0.005164942007452849,0.0,0.0,0.0,0.0,1.0
DongXe_a3,37486.0,0.00013338312970175532,0.011548545210312407,0.0,0.0,0.0,0.0,1.0
DongXe_a4,37486.0,0.0007202689003894787,0.026828516808004254,0.0,0.0,0.0,0.0,1.0
DongXe_a5,37486.0,0.00042682601504561704,0.020655634009153743,0.0,0.0,0.0,0.0,1.0
DongXe_a6,37486.0,0.0008536520300912341,0.029205240317891564,0.0,0.0,0.0,0.0,1.0
DongXe_a7,37486.0,0.00010670650376140426,0.010329470645929964,0.0,0.0,0.0,0.0,1.0
DongXe_a8,37486.0,0.00013338312970175532,0.011548545210312407,0.0,0.0,0.0,0.0,1.0
DongXe_accent,37486.0,0.025903003788080883,0.15884807618109997,0.0,0.0,0.0,0.0,1.0
DongXe_accord,37486.0,0.0026676625940351066,0.051581170465663954,0.0,0.0,0.0,0.0,1.0
DongXe_aerio,37486.0,2.6676625940351065e-05,0.00516494200745285,0.0,0.0,0.0,0.0,1.0
DongXe_aerostar,37486.0,0.00010670650376140426,0.010329470645929964,0.0,0.0,0.0,0.0,1.0
DongXe_airtek,37486.0,2.6676625940351065e-05,0.00516494200745285,0.0,0.0,0.0,0.0,1.0
DongXe_albea,37486.0,0.00013338312970175532,0.011548545210312407,0.0,0.0,0.0,0.0,1.0
DongXe_allion,37486.0,8.00298778210532e-05,0.008945703317957483,0.0,0.0,0.0,0.0,1.0
DongXe_alphard,37486.0,0.0002934428853438617,0.017127889612987068,0.0,0.0,0.0,0.0,1.0
DongXe_altima,37486.0,0.00013338312970175532,0.011548545210312407,0.0,0.0,0.0,0.0,1.0
DongXe_alto,37486.0,2.6676625940351065e-05,0.0051649420074528505,0.0,0.0,0.0,0.0,1.0
DongXe_amigo,37486.0,0.00021341300752280852,0.01460729798719998,0.0,0.0,0.0,0.0,1.0
DongXe_apv,37486.0,0.0006135623966280745,0.024762921798160132,0.0,0.0,0.0,0.0,1.0
DongXe_aranos,37486.0,0.00010670650376140426,0.010329470645929964,0.0,0.0,0.0,0.0,1.0
DongXe_arcadia,37486.0,2.6676625940351065e-05,0.00516494200745285,0.0,0.0,0.0,0.0,1.0
DongXe_aristo,37486.0,2.6676625940351065e-05,0.0051649420074528505,0.0,0.0,0.0,0.0,1.0
DongXe_atos,37486.0,5.335325188070213e-05,0.0073042336051080394,0.0,0.0,0.0,0.0,1.0
DongXe_attrage,37486.0,0.006775862988849171,0.08203737079387399,0.0,0.0,0.0,0.0,1.0
DongXe_auman,37486.0,5.335325188070213e-05,0.007304233605108039,0.0,0.0,0.0,0.0,1.0
DongXe_avante,37486.0,0.0030144587312596702,0.05482200238165807,0.0,0.0,0.0,0.0,1.0
DongXe_avanza,37486.0,0.0007736221522701809,0.027803673916388768,0.0,0.0,0.0,0.0,1.0
DongXe_avella,37486.0,5.335325188070213e-05,0.007304233605108039,0.0,0.0,0.0,0.0,1.0
DongXe_avenir,37486.0,2.6676625940351065e-05,0.00516494200745285,0.0,0.0,0.0,0.0,1.0
DongXe_aveo,37486.0,0.003708051005708798,0.06078157547787435,0.0,0.0,0.0,0.0,1.0
DongXe_aviator,37486.0,0.00026676625940351065,0.0163310198665437,0.0,0.0,0.0,0.0,1.0
DongXe_aygo,37486.0,0.0002934428853438617,0.017127889612987068,0.0,0.0,0.0,0.0,1.0
DongXe_azera,37486.0,2.6676625940351065e-05,0.00516494200745285,0.0,0.0,0.0,0.0,1.0
DongXe_b class,37486.0,8.00298778210532e-05,0.008945703317957483,0.0,0.0,0.0,0.0,1.0
DongXe_beetle,37486.0,0.00018673638158245745,0.013664058394397084,0.0,0.0,0.0,0.0,1.0
DongXe_blind_van,37486.0,2.6676625940351065e-05,0.00516494200745285,0.0,0.0,0.0,0.0,1.0
DongXe_bluebird,37486.0,0.0008536520300912341,0.029205240317891564,0.0,0.0,0.0,0.0,1.0
DongXe_bravo,37486.0,5.335325188070213e-05,0.0073042336051080394,0.0,0.0,0.0,0.0,1.0
DongXe_brio,37486.0,0.0004535026409859681,0.021291056082239287,0.0,0.0,0.0,0.0,1.0
DongXe_brio ,37486.0,0.0018140105639438723,0.04255312250357942,0.0,0.0,0.0,0.0,1.0
DongXe_bronco,37486.0,5.335325188070213e-05,0.007304233605108039,0.0,0.0,0.0,0.0,1.0
DongXe_bt 50,37486.0,0.004374966654217574,0.0659995645655436,0.0,0.0,0.0,0.0,1.0
DongXe_bt_50,37486.0,0.0004535026409859681,0.021291056082239287,0.0,0.0,0.0,0.0,1.0
DongXe_bus,37486.0,8.00298778210532e-05,0.00894570331795748,0.0,0.0,0.0,0.0,1.0
DongXe_c class,37486.0,0.015685856052926425,0.12425868929711294,0.0,0.0,0.0,0.0,1.0
DongXe_c180,37486.0,0.00040014938910526595,0.019999998505511096,0.0,0.0,0.0,0.0,1.0
DongXe_c200,37486.0,0.0006402390225684256,0.025295181072681736,0.0,0.0,0.0,0.0,1.0
DongXe_c200_kompressor,37486.0,2.6676625940351065e-05,0.00516494200745285,0.0,0.0,0.0,0.0,1.0
DongXe_c300,37486.0,0.0010670650376140426,0.032648963932998515,0.0,0.0,0.0,0.0,1.0
DongXe_cabriolet,37486.0,8.00298778210532e-05,0.008945703317957483,0.0,0.0,0.0,0.0,1.0
DongXe_cadenza,37486.0,8.00298778210532e-05,0.008945703317957483,0.0,0.0,0.0,0.0,1.0
DongXe_camaro,37486.0,5.335325188070213e-05,0.007304233605108039,0.0,0.0,0.0,0.0,1.0
DongXe_camry,37486.0,0.024409112735421224,0.15431766984550516,0.0,0.0,0.0,0.0,1.0
DongXe_captiva,37486.0,0.007149335752014085,0.08425207482313858,0.0,0.0,0.0,0.0,1.0
DongXe_caravan,37486.0,2.6676625940351065e-05,0.005164942007452849,0.0,0.0,0.0,0.0,1.0
DongXe_carens,37486.0,0.005708797951235128,0.07534161534831156,0.0,0.0,0.0,0.0,1.0
DongXe_carina,37486.0,5.335325188070213e-05,0.007304233605108039,0.0,0.0,0.0,0.0,1.0
DongXe_carnival,37486.0,0.001307154671077202,0.03613143843756044,0.0,0.0,0.0,0.0,1.0
DongXe_cayenne,37486.0,0.0005068558928666702,0.022508054218053165,0.0,0.0,0.0,0.0,1.0
DongXe_cd5,37486.0,0.0010670650376140426,0.032648963932998515,0.0,0.0,0.0,0.0,1.0
DongXe_cedric,37486.0,0.00010670650376140426,0.010329470645929964,0.0,0.0,0.0,0.0,1.0
DongXe_cefiro,37486.0,8.00298778210532e-05,0.008945703317957483,0.0,0.0,0.0,0.0,1.0
DongXe_celerio,37486.0,0.0005068558928666702,0.022508054218053165,0.0,0.0,0.0,0.0,1.0
DongXe_centennial,37486.0,0.00010670650376140426,0.010329470645929964,0.0,0.0,0.0,0.0,1.0
DongXe_cerato,37486.0,0.020674385103772074,0.14229369290029825,0.0,0.0,0.0,0.0,1.0
DongXe_cerato koup,37486.0,0.0002934428853438617,0.017127889612987068,0.0,0.0,0.0,0.0,1.0
DongXe_chairman,37486.0,8.00298778210532e-05,0.008945703317957483,0.0,0.0,0.0,0.0,1.0
DongXe_chariot,37486.0,5.335325188070213e-05,0.007304233605108038,0.0,0.0,0.0,0.0,1.0
DongXe_chevyvan,37486.0,2.6676625940351065e-05,0.005164942007452849,0.0,0.0,0.0,0.0,1.0
DongXe_ciaz,37486.0,0.0015205676786000106,0.038965318625038194,0.0,0.0,0.0,0.0,1.0
DongXe_cielo,37486.0,0.00042682601504561704,0.020655634009153743,0.0,0.0,0.0,0.0,1.0
DongXe_citivan,37486.0,0.0007736221522701809,0.027803673916388768,0.0,0.0,0.0,0.0,1.0
DongXe_city,37486.0,0.012991516832950968,0.11323903655463811,0.0,0.0,0.0,0.0,1.0
DongXe_civic,37486.0,0.012351277810382543,0.11044930591137726,0.0,0.0,0.0,0.0,1.0
DongXe_cl,37486.0,5.335325188070213e-05,0.0073042336051080394,0.0,0.0,0.0,0.0,1.0
DongXe_cla class,37486.0,0.0009336819079122872,0.03054234815626178,0.0,0.0,0.0,0.0,1.0
DongXe_cla200,37486.0,5.335325188070213e-05,0.007304233605108038,0.0,0.0,0.0,0.0,1.0
DongXe_cla250,37486.0,5.335325188070213e-05,0.007304233605108039,0.0,0.0,0.0,0.0,1.0
DongXe_click,37486.0,0.00048017926692631917,0.021908023611254757,0.0,0.0,0.0,0.0,1.0
DongXe_clk class,37486.0,0.00010670650376140426,0.010329470645929964,0.0,0.0,0.0,0.0,1.0
DongXe_cls class,37486.0,0.0001600597556421064,0.01265062867218139,0.0,0.0,0.0,0.0,1.0
DongXe_colorado,37486.0,0.0027210158459158086,0.05209303514504946,0.0,0.0,0.0,0.0,1.0
DongXe_concord,37486.0,2.6676625940351065e-05,0.00516494200745285,0.0,0.0,0.0,0.0,1.0
DongXe_continental,37486.0,5.335325188070213e-05,0.00730423360510804,0.0,0.0,0.0,0.0,1.0
DongXe_contour,37486.0,2.6676625940351065e-05,0.00516494200745285,0.0,0.0,0.0,0.0,1.0
DongXe_cooper,37486.0,0.0005335325188070213,0.023092468198346254,0.0,0.0,0.0,0.0,1.0
DongXe_corolla,37486.0,0.002187483327108787,0.046719979370504226,0.0,0.0,0.0,0.0,1.0
DongXe_corolla altis,37486.0,0.014005228618684308,0.11751361869830342,0.0,0.0,0.0,0.0,1.0
DongXe_corolla cross,37486.0,0.0035213146241263407,0.05923688526546156,0.0,0.0,0.0,0.0,1.0
DongXe_corolla_altis,37486.0,2.6676625940351065e-05,0.005164942007452849,0.0,0.0,0.0,0.0,1.0
DongXe_corolla_cross,37486.0,0.0001600597556421064,0.012650628672181388,0.0,0.0,0.0,0.0,1.0
DongXe_corona,37486.0,0.0010403884116736916,0.03223869925328374,0.0,0.0,0.0,0.0,1.0
DongXe_county,37486.0,0.00021341300752280852,0.01460729798719998,0.0,0.0,0.0,0.0,1.0
DongXe_coupe,37486.0,0.00013338312970175532,0.011548545210312407,0.0,0.0,0.0,0.0,1.0
DongXe_cr v,37486.0,0.012991516832950968,0.11323903655463811,0.0,0.0,0.0,0.0,1.0
DongXe_cr_v,37486.0,0.001627274182361415,0.040307189207353704,0.0,0.0,0.0,0.0,1.0
DongXe_cressida,37486.0,0.0003734727631649149,0.019322092039892342,0.0,0.0,0.0,0.0,1.0
DongXe_cresta,37486.0,5.335325188070213e-05,0.007304233605108039,0.0,0.0,0.0,0.0,1.0
DongXe_creta,37486.0,0.0001600597556421064,0.01265062867218139,0.0,0.0,0.0,0.0,1.0
DongXe_crown,37486.0,0.0003467961372245638,0.018619482217639226,0.0,0.0,0.0,0.0,1.0
DongXe_crown victoria,37486.0,2.6676625940351065e-05,0.005164942007452849,0.0,0.0,0.0,0.0,1.0
DongXe_cruze,37486.0,0.008829963186256203,0.09355334529726432,0.0,0.0,0.0,0.0,1.0
DongXe_cs35,37486.0,5.335325188070213e-05,0.007304233605108039,0.0,0.0,0.0,0.0,1.0
DongXe_cts,37486.0,5.335325188070213e-05,0.00730423360510804,0.0,0.0,0.0,0.0,1.0
DongXe_culiman,37486.0,2.6676625940351065e-05,0.005164942007452849,0.0,0.0,0.0,0.0,1.0
DongXe_cx 5,37486.0,0.014218641626207118,0.11839276066831246,0.0,0.0,0.0,0.0,1.0
DongXe_cx 8,37486.0,0.0032011951128421276,0.05648922542108693,0.0,0.0,0.0,0.0,1.0
DongXe_cx 9,37486.0,0.00013338312970175532,0.011548545210312407,0.0,0.0,0.0,0.0,1.0
DongXe_cx_5,37486.0,0.0008002987782105319,0.02827860733541459,0.0,0.0,0.0,0.0,1.0
DongXe_cx_8,37486.0,0.0005602091447473724,0.023662422677691575,0.0,0.0,0.0,0.0,1.0
DongXe_damas,37486.0,2.6676625940351065e-05,0.00516494200745285,0.0,0.0,0.0,0.0,1.0
DongXe_db,37486.0,2.6676625940351065e-05,0.005164942007452849,0.0,0.0,0.0,0.0,1.0
DongXe_defender,37486.0,0.00010670650376140426,0.010329470645929964,0.0,0.0,0.0,0.0,1.0
DongXe_defender_110,37486.0,2.6676625940351065e-05,0.00516494200745285,0.0,0.0,0.0,0.0,1.0
DongXe_dfl3251,37486.0,2.6676625940351065e-05,0.00516494200745285,0.0,0.0,0.0,0.0,1.0
DongXe_discovery,37486.0,0.00024008963346315958,0.015493172491310717,0.0,0.0,0.0,0.0,1.0
DongXe_dmax,37486.0,0.0022675132049298405,0.04756502856980077,0.0,0.0,0.0,0.0,1.0
DongXe_doblo,37486.0,0.0001600597556421064,0.01265062867218139,0.0,0.0,0.0,0.0,1.0
DongXe_ducato,37486.0,2.6676625940351065e-05,0.0051649420074528505,0.0,0.0,0.0,0.0,1.0
DongXe_dòng khác,37486.0,0.013391666222056234,0.11494643086076138,0.0,0.0,0.0,0.0,1.0
DongXe_e class,37486.0,0.011230859520887797,0.1053803755918029,0.0,0.0,0.0,0.0,1.0
DongXe_e180,37486.0,0.0003201195112842128,0.017889258564434223,0.0,0.0,0.0,0.0,1.0
DongXe_e200,37486.0,0.0005068558928666702,0.022508054218053162,0.0,0.0,0.0,0.0,1.0
DongXe_e240,37486.0,2.6676625940351065e-05,0.005164942007452849,0.0,0.0,0.0,0.0,1.0
DongXe_e250,37486.0,0.0013871845488982553,0.037219581176866925,0.0,0.0,0.0,0.0,1.0
DongXe_e300,37486.0,0.0002934428853438617,0.017127889612987068,0.0,0.0,0.0,0.0,1.0
DongXe_e350,37486.0,2.6676625940351065e-05,0.005164942007452849,0.0,0.0,0.0,0.0,1.0
DongXe_eclipse,37486.0,2.6676625940351065e-05,0.0051649420074528505,0.0,0.0,0.0,0.0,1.0
DongXe_ecosport,37486.0,0.014778850770954489,0.12066824260972826,0.0,0.0,0.0,0.0,1.0
DongXe_el,37486.0,8.00298778210532e-05,0.008945703317957483,0.0,0.0,0.0,0.0,1.0
DongXe_elantra,37486.0,0.012084511550979032,0.10926479130219165,0.0,0.0,0.0,0.0,1.0
DongXe_elantra_gt,37486.0,2.6676625940351065e-05,0.005164942007452849,0.0,0.0,0.0,0.0,1.0
DongXe_electra,37486.0,2.6676625940351065e-05,0.005164942007452849,0.0,0.0,0.0,0.0,1.0
DongXe_element,37486.0,2.6676625940351065e-05,0.005164942007452849,0.0,0.0,0.0,0.0,1.0
DongXe_emgrand,37486.0,2.6676625940351065e-05,0.005164942007452849,0.0,0.0,0.0,0.0,1.0
DongXe_emighty,37486.0,0.00010670650376140426,0.010329470645929964,0.0,0.0,0.0,0.0,1.0
DongXe_eon,37486.0,5.335325188070213e-05,0.007304233605108039,0.0,0.0,0.0,0.0,1.0
DongXe_ertiga,37486.0,0.003974817265112308,0.06292156791501231,0.0,0.0,0.0,0.0,1.0
DongXe_es,37486.0,0.0009336819079122872,0.03054234815626178,0.0,0.0,0.0,0.0,1.0
DongXe_es_250,37486.0,2.6676625940351065e-05,0.005164942007452849,0.0,0.0,0.0,0.0,1.0
DongXe_es_350,37486.0,2.6676625940351065e-05,0.005164942007452849,0.0,0.0,0.0,0.0,1.0
DongXe_escalade,37486.0,0.00021341300752280852,0.01460729798719998,0.0,0.0,0.0,0.0,1.0
DongXe_escalade_esv,37486.0,2.6676625940351065e-05,0.00516494200745285,0.0,0.0,0.0,0.0,1.0
DongXe_escape,37486.0,0.0029877821053193193,0.05457961827768661,0.0,0.0,0.0,0.0,1.0
DongXe_escort,37486.0,2.6676625940351065e-05,0.00516494200745285,0.0,0.0,0.0,0.0,1.0
DongXe_espero,37486.0,0.0002934428853438617,0.017127889612987068,0.0,0.0,0.0,0.0,1.0
DongXe_evanda,37486.0,2.6676625940351065e-05,0.00516494200745285,0.0,0.0,0.0,0.0,1.0
DongXe_everest,37486.0,0.018780344662007148,0.13575026672845003,0.0,0.0,0.0,0.0,1.0
DongXe_explorer,37486.0,0.0029877821053193193,0.05457961827768661,0.0,0.0,0.0,0.0,1.0
DongXe_explorer_sport,37486.0,2.6676625940351065e-05,0.005164942007452849,0.0,0.0,0.0,0.0,1.0
DongXe_f 150,37486.0,0.00013338312970175532,0.011548545210312407,0.0,0.0,0.0,0.0,1.0
DongXe_f 450 ,37486.0,5.335325188070213e-05,0.0073042336051080394,0.0,0.0,0.0,0.0,1.0
DongXe_f pace,37486.0,2.6676625940351065e-05,0.00516494200745285,0.0,0.0,0.0,0.0,1.0
DongXe_f0,37486.0,8.00298778210532e-05,0.008945703317957483,0.0,0.0,0.0,0.0,1.0
DongXe_f150,37486.0,5.335325188070213e-05,0.007304233605108039,0.0,0.0,0.0,0.0,1.0
DongXe_f_150,37486.0,0.00018673638158245745,0.013664058394397084,0.0,0.0,0.0,0.0,1.0
DongXe_fadil,37486.0,0.0008536520300912341,0.029205240317891568,0.0,0.0,0.0,0.0,1.0
DongXe_fadil ,37486.0,0.006215653844101798,0.07859506522566441,0.0,0.0,0.0,0.0,1.0
DongXe_fiesta,37486.0,0.0038947873872912553,0.06228741057692716,0.0,0.0,0.0,0.0,1.0
DongXe_fj cruiser,37486.0,8.00298778210532e-05,0.008945703317957483,0.0,0.0,0.0,0.0,1.0
DongXe_flex,37486.0,2.6676625940351065e-05,0.0051649420074528505,0.0,0.0,0.0,0.0,1.0
DongXe_fluence,37486.0,2.6676625940351065e-05,0.00516494200745285,0.0,0.0,0.0,0.0,1.0
DongXe_flying spur,37486.0,0.00021341300752280852,0.01460729798719998,0.0,0.0,0.0,0.0,1.0
DongXe_focus,37486.0,0.008083017659926372,0.08954270699425018,0.0,0.0,0.0,0.0,1.0
DongXe_focus c max,37486.0,0.00010670650376140426,0.010329470645929964,0.0,0.0,0.0,0.0,1.0
DongXe_forester,37486.0,0.0002934428853438617,0.017127889612987068,0.0,0.0,0.0,0.0,1.0
DongXe_forte,37486.0,0.004348290028277224,0.0657989201925317,0.0,0.0,0.0,0.0,1.0
DongXe_fortuner,37486.0,0.03251880702128795,0.17737579743537257,0.0,0.0,0.0,0.0,1.0
DongXe_freelander,37486.0,5.335325188070213e-05,0.0073042336051080394,0.0,0.0,0.0,0.0,1.0
DongXe_frontier,37486.0,0.00048017926692631917,0.021908023611254757,0.0,0.0,0.0,0.0,1.0
DongXe_fuso,37486.0,2.6676625940351065e-05,0.005164942007452849,0.0,0.0,0.0,0.0,1.0
DongXe_fuso_canter,37486.0,2.6676625940351065e-05,0.005164942007452849,0.0,0.0,0.0,0.0,1.0
DongXe_fx,37486.0,2.6676625940351065e-05,0.0051649420074528505,0.0,0.0,0.0,0.0,1.0
DongXe_g63,37486.0,8.00298778210532e-05,0.00894570331795748,0.0,0.0,0.0,0.0,1.0
DongXe_galant,37486.0,5.335325188070213e-05,0.0073042336051080394,0.0,0.0,0.0,0.0,1.0
DongXe_galloper,37486.0,0.00024008963346315958,0.015493172491310717,0.0,0.0,0.0,0.0,1.0
DongXe_gemini,37486.0,5.335325188070213e-05,0.0073042336051080394,0.0,0.0,0.0,0.0,1.0
DongXe_genesis,37486.0,0.0004535026409859681,0.021291056082239294,0.0,0.0,0.0,0.0,1.0
DongXe_gentra,37486.0,0.0027210158459158086,0.05209303514504947,0.0,0.0,0.0,0.0,1.0
DongXe_gentrax,37486.0,0.0003201195112842128,0.017889258564434223,0.0,0.0,0.0,0.0,1.0
DongXe_getz,37486.0,0.004881822547084245,0.06970021487737187,0.0,0.0,0.0,0.0,1.0
DongXe_ghibli,37486.0,2.6676625940351065e-05,0.00516494200745285,0.0,0.0,0.0,0.0,1.0
DongXe_ghost,37486.0,0.00013338312970175532,0.011548545210312407,0.0,0.0,0.0,0.0,1.0
DongXe_gl class,37486.0,0.0008803286560315852,0.029657665815760823,0.0,0.0,0.0,0.0,1.0
DongXe_gla class,37486.0,0.0008002987782105319,0.028278607335414593,0.0,0.0,0.0,0.0,1.0
DongXe_gla200,37486.0,0.00010670650376140426,0.010329470645929966,0.0,0.0,0.0,0.0,1.0
DongXe_glb,37486.0,0.0001600597556421064,0.01265062867218139,0.0,0.0,0.0,0.0,1.0
DongXe_glc,37486.0,0.007309395507656192,0.08518310756765887,0.0,0.0,0.0,0.0,1.0
DongXe_glc class,37486.0,0.0008803286560315852,0.029657665815760827,0.0,0.0,0.0,0.0,1.0
DongXe_glc200,37486.0,0.00026676625940351065,0.0163310198665437,0.0,0.0,0.0,0.0,1.0
DongXe_glc250,37486.0,0.00024008963346315958,0.015493172491310716,0.0,0.0,0.0,0.0,1.0
DongXe_glc300,37486.0,0.00048017926692631917,0.021908023611254757,0.0,0.0,0.0,0.0,1.0
DongXe_gle class,37486.0,0.00026676625940351065,0.016331019866543704,0.0,0.0,0.0,0.0,1.0
DongXe_gle400,37486.0,2.6676625940351065e-05,0.00516494200745285,0.0,0.0,0.0,0.0,1.0
DongXe_gle400_coupe,37486.0,0.00024008963346315958,0.015493172491310716,0.0,0.0,0.0,0.0,1.0
DongXe_gle450,37486.0,2.6676625940351065e-05,0.00516494200745285,0.0,0.0,0.0,0.0,1.0
DongXe_glk class,37486.0,0.0010937416635543936,0.033054115310050064,0.0,0.0,0.0,0.0,1.0
DongXe_glk250,37486.0,5.335325188070213e-05,0.007304233605108039,0.0,0.0,0.0,0.0,1.0
DongXe_gls400,37486.0,2.6676625940351065e-05,0.005164942007452849,0.0,0.0,0.0,0.0,1.0
DongXe_gls450,37486.0,5.335325188070213e-05,0.007304233605108039,0.0,0.0,0.0,0.0,1.0
DongXe_golf,37486.0,5.335325188070213e-05,0.007304233605108039,0.0,0.0,0.0,0.0,1.0
DongXe_grand,37486.0,2.6676625940351065e-05,0.00516494200745285,0.0,0.0,0.0,0.0,1.0
DongXe_grand caravan,37486.0,5.335325188070213e-05,0.007304233605108038,0.0,0.0,0.0,0.0,1.0
DongXe_grand i10,37486.0,0.03758736594995465,0.19019863540976945,0.0,0.0,0.0,0.0,1.0
DongXe_grand livina,37486.0,0.00021341300752280852,0.01460729798719998,0.0,0.0,0.0,0.0,1.0
DongXe_grand starex,37486.0,0.002134130075228085,0.046147940099817694,0.0,0.0,0.0,0.0,1.0
DongXe_grand vitara,37486.0,0.0002934428853438617,0.017127889612987068,0.0,0.0,0.0,0.0,1.0
DongXe_grandeur,37486.0,2.6676625940351065e-05,0.0051649420074528505,0.0,0.0,0.0,0.0,1.0
DongXe_grandis,37486.0,0.0014138611748386065,0.037575255636398325,0.0,0.0,0.0,0.0,1.0
DongXe_grunder,37486.0,5.335325188070213e-05,0.007304233605108039,0.0,0.0,0.0,0.0,1.0
DongXe_gs,37486.0,0.0002934428853438617,0.017127889612987068,0.0,0.0,0.0,0.0,1.0
DongXe_gx,37486.0,0.0010403884116736916,0.03223869925328374,0.0,0.0,0.0,0.0,1.0
DongXe_gx_460,37486.0,0.00018673638158245745,0.013664058394397084,0.0,0.0,0.0,0.0,1.0
DongXe_h 1,37486.0,2.6676625940351065e-05,0.00516494200745285,0.0,0.0,0.0,0.0,1.0
DongXe_h2,37486.0,2.6676625940351065e-05,0.0051649420074528505,0.0,0.0,0.0,0.0,1.0
DongXe_hi lander,37486.0,0.00200074694552633,0.04468553708974467,0.0,0.0,0.0,0.0,1.0
DongXe_hiace,37486.0,0.0038947873872912553,0.06228741057692716,0.0,0.0,0.0,0.0,1.0
DongXe_highlander,37486.0,0.0003467961372245638,0.018619482217639226,0.0,0.0,0.0,0.0,1.0
DongXe_hilux,37486.0,0.0038681107613509043,0.06207456219927506,0.0,0.0,0.0,0.0,1.0
DongXe_honor,37486.0,0.00013338312970175532,0.011548545210312407,0.0,0.0,0.0,0.0,1.0
DongXe_hr-v,37486.0,0.003307901616603532,0.05741992126080869,0.0,0.0,0.0,0.0,1.0
DongXe_hr_v,37486.0,0.0008536520300912341,0.029205240317891564,0.0,0.0,0.0,0.0,1.0
DongXe_hunter,37486.0,0.0001600597556421064,0.01265062867218139,0.0,0.0,0.0,0.0,1.0
DongXe_huracan,37486.0,2.6676625940351065e-05,0.00516494200745285,0.0,0.0,0.0,0.0,1.0
DongXe_i10,37486.0,0.0011737715413754467,0.034240693306201546,0.0,0.0,0.0,0.0,1.0
DongXe_i20,37486.0,0.002827722349677213,0.05310180372437228,0.0,0.0,0.0,0.0,1.0
DongXe_i3,37486.0,0.00013338312970175532,0.011548545210312407,0.0,0.0,0.0,0.0,1.0
DongXe_i30,37486.0,0.0010670650376140426,0.032648963932998515,0.0,0.0,0.0,0.0,1.0
DongXe_i8,37486.0,0.0001600597556421064,0.012650628672181388,0.0,0.0,0.0,0.0,1.0
DongXe_impreza,37486.0,8.00298778210532e-05,0.008945703317957483,0.0,0.0,0.0,0.0,1.0
DongXe_innova,37486.0,0.05105906204983194,0.22012116391591716,0.0,0.0,0.0,0.0,1.0
DongXe_intergra,37486.0,8.00298778210532e-05,0.008945703317957483,0.0,0.0,0.0,0.0,1.0
DongXe_io,37486.0,5.335325188070213e-05,0.0073042336051080394,0.0,0.0,0.0,0.0,1.0
DongXe_is,37486.0,0.00026676625940351065,0.016331019866543704,0.0,0.0,0.0,0.0,1.0
DongXe_jazz,37486.0,0.0006669156485087766,0.025816441499459324,0.0,0.0,0.0,0.0,1.0
DongXe_jeep,37486.0,2.6676625940351065e-05,0.00516494200745285,0.0,0.0,0.0,0.0,1.0
DongXe_jolie,37486.0,0.005708797951235128,0.07534161534831156,0.0,0.0,0.0,0.0,1.0
DongXe_k200,37486.0,0.00013338312970175532,0.011548545210312407,0.0,0.0,0.0,0.0,1.0
DongXe_k250,37486.0,0.00010670650376140426,0.010329470645929966,0.0,0.0,0.0,0.0,1.0
DongXe_k3,37486.0,0.004855145921143894,0.06951044793946554,0.0,0.0,0.0,0.0,1.0
DongXe_k5,37486.0,2.6676625940351065e-05,0.0051649420074528505,0.0,0.0,0.0,0.0,1.0
DongXe_kalos,37486.0,2.6676625940351065e-05,0.00516494200745285,0.0,0.0,0.0,0.0,1.0
DongXe_karando,37486.0,2.6676625940351065e-05,0.00516494200745285,0.0,0.0,0.0,0.0,1.0
DongXe_koleos,37486.0,5.335325188070213e-05,0.0073042336051080394,0.0,0.0,0.0,0.0,1.0
DongXe_kona,37486.0,0.007229365629835139,0.08471890797452332,0.0,0.0,0.0,0.0,1.0
DongXe_korando,37486.0,0.00042682601504561704,0.020655634009153743,0.0,0.0,0.0,0.0,1.0
DongXe_kyron,37486.0,8.00298778210532e-05,0.008945703317957483,0.0,0.0,0.0,0.0,1.0
DongXe_l300,37486.0,2.6676625940351065e-05,0.00516494200745285,0.0,0.0,0.0,0.0,1.0
DongXe_labo,37486.0,2.6676625940351065e-05,0.00516494200745285,0.0,0.0,0.0,0.0,1.0
DongXe_lacetti,37486.0,0.008829963186256203,0.0935533452972643,0.0,0.0,0.0,0.0,1.0
DongXe_lancer,37486.0,0.0010670650376140426,0.03264896393299851,0.0,0.0,0.0,0.0,1.0
DongXe_land cruiser,37486.0,0.0025609560902737022,0.05054172275164729,0.0,0.0,0.0,0.0,1.0
DongXe_land cruiser prado,37486.0,0.0009870351597929894,0.03140202584016542,0.0,0.0,0.0,0.0,1.0
DongXe_land_cruiser,37486.0,0.00024008963346315958,0.015493172491310716,0.0,0.0,0.0,0.0,1.0
DongXe_land_cruiser_prado,37486.0,2.6676625940351065e-05,0.00516494200745285,0.0,0.0,0.0,0.0,1.0
DongXe_lanos,37486.0,0.003734727631649149,0.060999005743174524,0.0,0.0,0.0,0.0,1.0
DongXe_lantra,37486.0,5.335325188070213e-05,0.00730423360510804,0.0,0.0,0.0,0.0,1.0
DongXe_laser,37486.0,0.002454249586512298,0.04948021379943178,0.0,0.0,0.0,0.0,1.0
DongXe_legacy,37486.0,8.00298778210532e-05,0.008945703317957483,0.0,0.0,0.0,0.0,1.0
DongXe_leganza,37486.0,2.6676625940351065e-05,0.00516494200745285,0.0,0.0,0.0,0.0,1.0
DongXe_legend,37486.0,8.00298778210532e-05,0.008945703317957483,0.0,0.0,0.0,0.0,1.0
DongXe_levante,37486.0,0.00010670650376140426,0.010329470645929964,0.0,0.0,0.0,0.0,1.0
DongXe_libero,37486.0,8.00298778210532e-05,0.008945703317957483,0.0,0.0,0.0,0.0,1.0
DongXe_livina,37486.0,0.00018673638158245745,0.013664058394397082,0.0,0.0,0.0,0.0,1.0
DongXe_lm300h,37486.0,0.00048017926692631917,0.021908023611254757,0.0,0.0,0.0,0.0,1.0
DongXe_lr2,37486.0,5.335325188070213e-05,0.007304233605108039,0.0,0.0,0.0,0.0,1.0
DongXe_lr_3,37486.0,2.6676625940351065e-05,0.005164942007452849,0.0,0.0,0.0,0.0,1.0
DongXe_ls,37486.0,0.0007202689003894787,0.026828516808004254,0.0,0.0,0.0,0.0,1.0
DongXe_ls_500h,37486.0,2.6676625940351065e-05,0.005164942007452849,0.0,0.0,0.0,0.0,1.0
DongXe_lux,37486.0,0.006242330470042149,0.07876248643595989,0.0,0.0,0.0,0.0,1.0
DongXe_lux-a-2-0,37486.0,0.0006135623966280745,0.024762921798160132,0.0,0.0,0.0,0.0,1.0
DongXe_lux-sa-2-0,37486.0,0.00048017926692631917,0.021908023611254757,0.0,0.0,0.0,0.0,1.0
DongXe_lx,37486.0,0.0013871845488982553,0.037219581176866925,0.0,0.0,0.0,0.0,1.0
DongXe_lx_570,37486.0,0.0010670650376140426,0.032648963932998515,0.0,0.0,0.0,0.0,1.0
DongXe_m couper,37486.0,5.335325188070213e-05,0.0073042336051080394,0.0,0.0,0.0,0.0,1.0
DongXe_m3,37486.0,0.00010670650376140426,0.010329470645929964,0.0,0.0,0.0,0.0,1.0
DongXe_m4,37486.0,2.6676625940351065e-05,0.00516494200745285,0.0,0.0,0.0,0.0,1.0
DongXe_macan,37486.0,0.00021341300752280852,0.01460729798719998,0.0,0.0,0.0,0.0,1.0
DongXe_magnus,37486.0,0.00042682601504561704,0.020655634009153746,0.0,0.0,0.0,0.0,1.0
DongXe_matiz,37486.0,0.0073894253854772446,0.08564471642469561,0.0,0.0,0.0,0.0,1.0
DongXe_matrix,37486.0,2.6676625940351065e-05,0.00516494200745285,0.0,0.0,0.0,0.0,1.0
DongXe_maxima,37486.0,0.00010670650376140426,0.010329470645929964,0.0,0.0,0.0,0.0,1.0
DongXe_maybach,37486.0,5.335325188070213e-05,0.0073042336051080394,0.0,0.0,0.0,0.0,1.0
DongXe_mazda2,37486.0,8.00298778210532e-05,0.00894570331795748,0.0,0.0,0.0,0.0,1.0
DongXe_mazda3,37486.0,0.0002934428853438617,0.017127889612987068,0.0,0.0,0.0,0.0,1.0
DongXe_mazda6,37486.0,5.335325188070213e-05,0.007304233605108039,0.0,0.0,0.0,0.0,1.0
DongXe_mb,37486.0,0.0006402390225684256,0.025295181072681732,0.0,0.0,0.0,0.0,1.0
DongXe_mb100,37486.0,2.6676625940351065e-05,0.00516494200745285,0.0,0.0,0.0,0.0,1.0
DongXe_mdx,37486.0,0.0003467961372245638,0.018619482217639222,0.0,0.0,0.0,0.0,1.0
DongXe_mighty,37486.0,0.00010670650376140426,0.010329470645929964,0.0,0.0,0.0,0.0,1.0
DongXe_mirage,37486.0,0.0006935922744491276,0.026327356391547225,0.0,0.0,0.0,0.0,1.0
DongXe_ml class,37486.0,0.00018673638158245745,0.013664058394397082,0.0,0.0,0.0,0.0,1.0
DongXe_moco,37486.0,5.335325188070213e-05,0.0073042336051080394,0.0,0.0,0.0,0.0,1.0
DongXe_mondeo,37486.0,0.001307154671077202,0.036131438437560434,0.0,0.0,0.0,0.0,1.0
DongXe_morning,37486.0,0.05001867363815825,0.21798640679526576,0.0,0.0,0.0,0.0,1.0
DongXe_mu x,37486.0,0.0015739209304807128,0.03964196797990112,0.0,0.0,0.0,0.0,1.0
DongXe_mulsanne,37486.0,2.6676625940351065e-05,0.005164942007452849,0.0,0.0,0.0,0.0,1.0
DongXe_murano,37486.0,8.00298778210532e-05,0.008945703317957483,0.0,0.0,0.0,0.0,1.0
DongXe_musso,37486.0,0.0005335325188070213,0.023092468198346254,0.0,0.0,0.0,0.0,1.0
DongXe_mustang,37486.0,5.335325188070213e-05,0.007304233605108039,0.0,0.0,0.0,0.0,1.0
DongXe_mx 3,37486.0,2.6676625940351065e-05,0.005164942007452849,0.0,0.0,0.0,0.0,1.0
DongXe_mx 5,37486.0,2.6676625940351065e-05,0.0051649420074528505,0.0,0.0,0.0,0.0,1.0
DongXe_mx 6,37486.0,0.00024008963346315958,0.015493172491310716,0.0,0.0,0.0,0.0,1.0
DongXe_navara,37486.0,0.00325454836472283,0.05695649936382455,0.0,0.0,0.0,0.0,1.0
DongXe_navigator,37486.0,0.00010670650376140426,0.010329470645929964,0.0,0.0,0.0,0.0,1.0
DongXe_navigator_l,37486.0,0.0003734727631649149,0.01932209203989234,0.0,0.0,0.0,0.0,1.0
DongXe_new beetle,37486.0,2.6676625940351065e-05,0.00516494200745285,0.0,0.0,0.0,0.0,1.0
DongXe_nmr,37486.0,5.335325188070213e-05,0.0073042336051080394,0.0,0.0,0.0,0.0,1.0
DongXe_nqr,37486.0,2.6676625940351065e-05,0.00516494200745285,0.0,0.0,0.0,0.0,1.0
DongXe_nubira,37486.0,0.002107453449287734,0.04585922145011083,0.0,0.0,0.0,0.0,1.0
DongXe_nx,37486.0,0.0002934428853438617,0.017127889612987068,0.0,0.0,0.0,0.0,1.0
DongXe_nx_300,37486.0,5.335325188070213e-05,0.007304233605108038,0.0,0.0,0.0,0.0,1.0
DongXe_odyssey,37486.0,0.0003467961372245638,0.018619482217639226,0.0,0.0,0.0,0.0,1.0
DongXe_ollin,37486.0,8.00298778210532e-05,0.008945703317957479,0.0,0.0,0.0,0.0,1.0
DongXe_optima,37486.0,0.0009603585338526383,0.03097518104133887,0.0,0.0,0.0,0.0,1.0
DongXe_orlando,37486.0,0.0009336819079122872,0.030542348156261778,0.0,0.0,0.0,0.0,1.0
DongXe_other,37486.0,0.0004535026409859681,0.021291056082239284,0.0,0.0,0.0,0.0,1.0
DongXe_outback,37486.0,8.00298778210532e-05,0.008945703317957483,0.0,0.0,0.0,0.0,1.0
DongXe_outback-eyesight,37486.0,2.6676625940351065e-05,0.005164942007452849,0.0,0.0,0.0,0.0,1.0
DongXe_outlander,37486.0,0.005335325188070213,0.07284916654355121,0.0,0.0,0.0,0.0,1.0
DongXe_outlander sport,37486.0,2.6676625940351065e-05,0.00516494200745285,0.0,0.0,0.0,0.0,1.0
DongXe_outlander_sport,37486.0,0.00018673638158245745,0.013664058394397084,0.0,0.0,0.0,0.0,1.0
DongXe_pajero,37486.0,0.003921464013231606,0.06249952269580156,0.0,0.0,0.0,0.0,1.0
DongXe_pajero sport,37486.0,0.002214159953049138,0.04700336568649377,0.0,0.0,0.0,0.0,1.0
DongXe_pajero_sport,37486.0,0.00040014938910526595,0.0199999985055111,0.0,0.0,0.0,0.0,1.0
DongXe_panamera,37486.0,0.0003201195112842128,0.017889258564434223,0.0,0.0,0.0,0.0,1.0
DongXe_paso,37486.0,0.0001600597556421064,0.01265062867218139,0.0,0.0,0.0,0.0,1.0
DongXe_passat,37486.0,0.00024008963346315958,0.015493172491310717,0.0,0.0,0.0,0.0,1.0
DongXe_pathfinder,37486.0,2.6676625940351065e-05,0.0051649420074528505,0.0,0.0,0.0,0.0,1.0
DongXe_patriot,37486.0,5.335325188070213e-05,0.00730423360510804,0.0,0.0,0.0,0.0,1.0
DongXe_perdana,37486.0,5.335325188070213e-05,0.007304233605108039,0.0,0.0,0.0,0.0,1.0
DongXe_picanto,37486.0,0.0006135623966280745,0.024762921798160135,0.0,0.0,0.0,0.0,1.0
DongXe_pick up,37486.0,0.00024008963346315958,0.015493172491310716,0.0,0.0,0.0,0.0,1.0
DongXe_pickup,37486.0,2.6676625940351065e-05,0.00516494200745285,0.0,0.0,0.0,0.0,1.0
DongXe_polo,37486.0,0.001200448167315798,0.034627143656824386,0.0,0.0,0.0,0.0,1.0
DongXe_pony,37486.0,2.6676625940351065e-05,0.00516494200745285,0.0,0.0,0.0,0.0,1.0
DongXe_potentia,37486.0,0.00010670650376140426,0.010329470645929964,0.0,0.0,0.0,0.0,1.0
DongXe_prado,37486.0,0.0009870351597929894,0.03140202584016542,0.0,0.0,0.0,0.0,1.0
DongXe_premacy,37486.0,0.0005602091447473724,0.023662422677691575,0.0,0.0,0.0,0.0,1.0
DongXe_premio,37486.0,5.335325188070213e-05,0.007304233605108039,0.0,0.0,0.0,0.0,1.0
DongXe_presage,37486.0,5.335325188070213e-05,0.0073042336051080394,0.0,0.0,0.0,0.0,1.0
DongXe_previa,37486.0,0.0002934428853438617,0.017127889612987068,0.0,0.0,0.0,0.0,1.0
DongXe_pride,37486.0,0.0006135623966280745,0.024762921798160132,0.0,0.0,0.0,0.0,1.0
DongXe_prince,37486.0,5.335325188070213e-05,0.0073042336051080394,0.0,0.0,0.0,0.0,1.0
DongXe_prius,37486.0,2.6676625940351065e-05,0.0051649420074528505,0.0,0.0,0.0,0.0,1.0
DongXe_pronto,37486.0,0.00013338312970175532,0.011548545210312407,0.0,0.0,0.0,0.0,1.0
DongXe_pulsar,37486.0,5.335325188070213e-05,0.00730423360510804,0.0,0.0,0.0,0.0,1.0
DongXe_punto,37486.0,2.6676625940351065e-05,0.0051649420074528505,0.0,0.0,0.0,0.0,1.0
DongXe_q2,37486.0,5.335325188070213e-05,0.0073042336051080394,0.0,0.0,0.0,0.0,1.0
DongXe_q3,37486.0,0.0001600597556421064,0.012650628672181388,0.0,0.0,0.0,0.0,1.0
DongXe_q5,37486.0,0.0009070052819719362,0.03010326889110523,0.0,0.0,0.0,0.0,1.0
DongXe_q7,37486.0,0.0004535026409859681,0.021291056082239294,0.0,0.0,0.0,0.0,1.0
DongXe_qashqai,37486.0,0.0001600597556421064,0.012650628672181388,0.0,0.0,0.0,0.0,1.0
DongXe_qkr,37486.0,0.00010670650376140426,0.010329470645929964,0.0,0.0,0.0,0.0,1.0
DongXe_qq3,37486.0,0.0001600597556421064,0.01265062867218139,0.0,0.0,0.0,0.0,1.0
DongXe_quatroporte,37486.0,2.6676625940351065e-05,0.005164942007452849,0.0,0.0,0.0,0.0,1.0
DongXe_quattroporte,37486.0,2.6676625940351065e-05,0.005164942007452849,0.0,0.0,0.0,0.0,1.0
DongXe_qx60,37486.0,2.6676625940351065e-05,0.00516494200745285,0.0,0.0,0.0,0.0,1.0
DongXe_qx70,37486.0,5.335325188070213e-05,0.007304233605108039,0.0,0.0,0.0,0.0,1.0
DongXe_r class,37486.0,0.00021341300752280852,0.01460729798719998,0.0,0.0,0.0,0.0,1.0
DongXe_ram,37486.0,2.6676625940351065e-05,0.00516494200745285,0.0,0.0,0.0,0.0,1.0
DongXe_range rover,37486.0,0.0007202689003894787,0.026828516808004254,0.0,0.0,0.0,0.0,1.0
DongXe_range rover evoque,37486.0,0.0009336819079122872,0.03054234815626178,0.0,0.0,0.0,0.0,1.0
DongXe_range rover sport,37486.0,0.0005602091447473724,0.02366242267769158,0.0,0.0,0.0,0.0,1.0
DongXe_range rover velar,37486.0,2.6676625940351065e-05,0.00516494200745285,0.0,0.0,0.0,0.0,1.0
DongXe_range rover vogue,37486.0,0.00024008963346315958,0.015493172491310716,0.0,0.0,0.0,0.0,1.0
DongXe_range_rover,37486.0,0.001653950808301766,0.04063569004031179,0.0,0.0,0.0,0.0,1.0
DongXe_range_rover_sport,37486.0,2.6676625940351065e-05,0.00516494200745285,0.0,0.0,0.0,0.0,1.0
DongXe_ranger,37486.0,0.04839139945579683,0.21459473525030953,0.0,0.0,0.0,0.0,1.0
DongXe_ranger-raptor,37486.0,0.00026676625940351065,0.0163310198665437,0.0,0.0,0.0,0.0,1.0
DongXe_ranger-wildtrack,37486.0,0.0004535026409859681,0.021291056082239287,0.0,0.0,0.0,0.0,1.0
DongXe_rav4,37486.0,0.0006669156485087766,0.02581644149945932,0.0,0.0,0.0,0.0,1.0
DongXe_rexton,37486.0,0.00010670650376140426,0.010329470645929966,0.0,0.0,0.0,0.0,1.0
DongXe_rio,37486.0,0.0060822707144000425,0.07775241455571748,0.0,0.0,0.0,0.0,1.0
DongXe_rl,37486.0,8.00298778210532e-05,0.008945703317957483,0.0,0.0,0.0,0.0,1.0
DongXe_rondo,37486.0,0.0046150562876807345,0.0677781682576559,0.0,0.0,0.0,0.0,1.0
DongXe_rush,37486.0,0.0033879314944245853,0.058108032916295745,0.0,0.0,0.0,0.0,1.0
DongXe_rx,37486.0,0.002134130075228085,0.046147940099817694,0.0,0.0,0.0,0.0,1.0
DongXe_rx 8,37486.0,2.6676625940351065e-05,0.0051649420074528505,0.0,0.0,0.0,0.0,1.0
DongXe_rx_300,37486.0,5.335325188070213e-05,0.007304233605108038,0.0,0.0,0.0,0.0,1.0
DongXe_rx_350,37486.0,0.00026676625940351065,0.0163310198665437,0.0,0.0,0.0,0.0,1.0
DongXe_rx_450,37486.0,2.6676625940351065e-05,0.00516494200745285,0.0,0.0,0.0,0.0,1.0
DongXe_rx_450h,37486.0,2.6676625940351065e-05,0.00516494200745285,0.0,0.0,0.0,0.0,1.0
DongXe_s class,37486.0,0.004428319906098276,0.06639900226320894,0.0,0.0,0.0,0.0,1.0
DongXe_s450,37486.0,0.0010403884116736916,0.03223869925328373,0.0,0.0,0.0,0.0,1.0
DongXe_s450_maybach,37486.0,0.00010670650376140426,0.010329470645929966,0.0,0.0,0.0,0.0,1.0
DongXe_s500,37486.0,2.6676625940351065e-05,0.005164942007452849,0.0,0.0,0.0,0.0,1.0
DongXe_s560,37486.0,5.335325188070213e-05,0.007304233605108039,0.0,0.0,0.0,0.0,1.0
DongXe_s90,37486.0,0.00013338312970175532,0.011548545210312407,0.0,0.0,0.0,0.0,1.0
DongXe_s_series,37486.0,5.335325188070213e-05,0.007304233605108039,0.0,0.0,0.0,0.0,1.0
DongXe_santa fe,37486.0,0.017126393853705384,0.12974409254006203,0.0,0.0,0.0,0.0,1.0
DongXe_santa_fe,37486.0,0.0016005975564210638,0.03997597122297111,0.0,0.0,0.0,0.0,1.0
DongXe_scirocco,37486.0,0.0001600597556421064,0.01265062867218139,0.0,0.0,0.0,0.0,1.0
DongXe_sedona,37486.0,0.005415355065891266,0.07339054898497104,0.0,0.0,0.0,0.0,1.0
DongXe_seltos,37486.0,0.0027743690977965105,0.05259986484153722,0.0,0.0,0.0,0.0,1.0
DongXe_sentra,37486.0,5.335325188070213e-05,0.0073042336051080394,0.0,0.0,0.0,0.0,1.0
DongXe_siena,37486.0,0.0012538014191965001,0.03538732551838598,0.0,0.0,0.0,0.0,1.0
DongXe_sienna,37486.0,0.0010670650376140426,0.03264896393299851,0.0,0.0,0.0,0.0,1.0
DongXe_sigma,37486.0,2.6676625940351065e-05,0.005164942007452849,0.0,0.0,0.0,0.0,1.0
DongXe_skyline,37486.0,2.6676625940351065e-05,0.00516494200745285,0.0,0.0,0.0,0.0,1.0
DongXe_sl class,37486.0,5.335325188070213e-05,0.007304233605108039,0.0,0.0,0.0,0.0,1.0
DongXe_slk class,37486.0,8.00298778210532e-05,0.008945703317957483,0.0,0.0,0.0,0.0,1.0
DongXe_sm3,37486.0,8.00298778210532e-05,0.008945703317957483,0.0,0.0,0.0,0.0,1.0
DongXe_sm7,37486.0,2.6676625940351065e-05,0.0051649420074528505,0.0,0.0,0.0,0.0,1.0
DongXe_solati,37486.0,0.0013338312970175533,0.036497777010314675,0.0,0.0,0.0,0.0,1.0
DongXe_soluto,37486.0,0.004828469295203542,0.06932015124201456,0.0,0.0,0.0,0.0,1.0
DongXe_sonata,37486.0,0.0018140105639438723,0.04255312250357943,0.0,0.0,0.0,0.0,1.0
DongXe_sorento,37486.0,0.006215653844101798,0.07859506522566441,0.0,0.0,0.0,0.0,1.0
DongXe_soul,37486.0,8.00298778210532e-05,0.008945703317957483,0.0,0.0,0.0,0.0,1.0
DongXe_spark,37486.0,0.016966334098063276,0.12914690295440281,0.0,0.0,0.0,0.0,1.0
DongXe_spark_van,37486.0,5.335325188070213e-05,0.007304233605108038,0.0,0.0,0.0,0.0,1.0
DongXe_spectra,37486.0,0.001200448167315798,0.03462714365682439,0.0,0.0,0.0,0.0,1.0
DongXe_sportage,37486.0,0.0006669156485087766,0.025816441499459324,0.0,0.0,0.0,0.0,1.0
DongXe_sprinter,37486.0,0.0030144587312596702,0.054822002381658075,0.0,0.0,0.0,0.0,1.0
DongXe_srx,37486.0,2.6676625940351065e-05,0.00516494200745285,0.0,0.0,0.0,0.0,1.0
DongXe_starex,37486.0,0.0012804780451368511,0.03576132739590453,0.0,0.0,0.0,0.0,1.0
DongXe_stavic,37486.0,2.6676625940351065e-05,0.0051649420074528505,0.0,0.0,0.0,0.0,1.0
DongXe_sunny,37486.0,0.0031211652350210746,0.055780879941908154,0.0,0.0,0.0,0.0,1.0
DongXe_super_carry_blind_van,37486.0,0.00010670650376140426,0.010329470645929966,0.0,0.0,0.0,0.0,1.0
DongXe_supper_carry_pro,37486.0,5.335325188070213e-05,0.007304233605108038,0.0,0.0,0.0,0.0,1.0
DongXe_swift,37486.0,0.0031211652350210746,0.055780879941908154,0.0,0.0,0.0,0.0,1.0
DongXe_tacoma,37486.0,5.335325188070213e-05,0.0073042336051080394,0.0,0.0,0.0,0.0,1.0
DongXe_tarex,37486.0,5.335325188070213e-05,0.007304233605108038,0.0,0.0,0.0,0.0,1.0
DongXe_taurus,37486.0,2.6676625940351065e-05,0.00516494200745285,0.0,0.0,0.0,0.0,1.0
DongXe_tc,37486.0,5.335325188070213e-05,0.007304233605108039,0.0,0.0,0.0,0.0,1.0
DongXe_teana,37486.0,0.0006935922744491276,0.026327356391547225,0.0,0.0,0.0,0.0,1.0
DongXe_tempra,37486.0,2.6676625940351065e-05,0.00516494200745285,0.0,0.0,0.0,0.0,1.0
DongXe_terios,37486.0,0.00026676625940351065,0.016331019866543704,0.0,0.0,0.0,0.0,1.0
DongXe_terracan,37486.0,0.0002934428853438617,0.017127889612987068,0.0,0.0,0.0,0.0,1.0
DongXe_terrano,37486.0,8.00298778210532e-05,0.008945703317957483,0.0,0.0,0.0,0.0,1.0
DongXe_tico,37486.0,0.00010670650376140426,0.010329470645929966,0.0,0.0,0.0,0.0,1.0
DongXe_tiguan,37486.0,0.0018940404417649255,0.0434799204785863,0.0,0.0,0.0,0.0,1.0
DongXe_tiida,37486.0,0.00010670650376140426,0.010329470645929964,0.0,0.0,0.0,0.0,1.0
DongXe_tipo,37486.0,2.6676625940351065e-05,0.00516494200745285,0.0,0.0,0.0,0.0,1.0
DongXe_tivoli,37486.0,0.00024008963346315958,0.015493172491310717,0.0,0.0,0.0,0.0,1.0
DongXe_touareg,37486.0,2.6676625940351065e-05,0.0051649420074528505,0.0,0.0,0.0,0.0,1.0
DongXe_tourneo,37486.0,0.0006935922744491276,0.026327356391547225,0.0,0.0,0.0,0.0,1.0
DongXe_towner,37486.0,0.00026676625940351065,0.016331019866543704,0.0,0.0,0.0,0.0,1.0
DongXe_tra,37486.0,2.6676625940351065e-05,0.005164942007452849,0.0,0.0,0.0,0.0,1.0
DongXe_trailblazer,37486.0,0.0006669156485087766,0.025816441499459324,0.0,0.0,0.0,0.0,1.0
DongXe_trajet,37486.0,2.6676625940351065e-05,0.00516494200745285,0.0,0.0,0.0,0.0,1.0
DongXe_trans sport,37486.0,5.335325188070213e-05,0.007304233605108039,0.0,0.0,0.0,0.0,1.0
DongXe_transit,37486.0,0.010643973750200075,0.10262046824829477,0.0,0.0,0.0,0.0,1.0
DongXe_traveller,37486.0,0.0001600597556421064,0.012650628672181388,0.0,0.0,0.0,0.0,1.0
DongXe_trax,37486.0,0.00010670650376140426,0.010329470645929964,0.0,0.0,0.0,0.0,1.0
DongXe_trd,37486.0,2.6676625940351065e-05,0.005164942007452849,0.0,0.0,0.0,0.0,1.0
DongXe_triton,37486.0,0.003361254868484234,0.0578795836381253,0.0,0.0,0.0,0.0,1.0
DongXe_trooper,37486.0,0.0001600597556421064,0.01265062867218139,0.0,0.0,0.0,0.0,1.0
DongXe_truck,37486.0,2.6676625940351065e-05,0.00516494200745285,0.0,0.0,0.0,0.0,1.0
DongXe_tt,37486.0,0.0003734727631649149,0.01932209203989234,0.0,0.0,0.0,0.0,1.0
DongXe_tucson,37486.0,0.012137864802859734,0.10950277127311389,0.0,0.0,0.0,0.0,1.0
DongXe_tuscani,37486.0,2.6676625940351065e-05,0.005164942007452849,0.0,0.0,0.0,0.0,1.0
DongXe_u7,37486.0,8.00298778210532e-05,0.008945703317957483,0.0,0.0,0.0,0.0,1.0
DongXe_urraco,37486.0,2.6676625940351065e-05,0.00516494200745285,0.0,0.0,0.0,0.0,1.0
DongXe_v class,37486.0,0.00021341300752280852,0.01460729798719998,0.0,0.0,0.0,0.0,1.0
DongXe_v250,37486.0,2.6676625940351065e-05,0.00516494200745285,0.0,0.0,0.0,0.0,1.0
DongXe_v5,37486.0,5.335325188070213e-05,0.0073042336051080394,0.0,0.0,0.0,0.0,1.0
DongXe_veloster,37486.0,0.0003734727631649149,0.01932209203989234,0.0,0.0,0.0,0.0,1.0
DongXe_venza,37486.0,0.001227124793256149,0.03500930810868216,0.0,0.0,0.0,0.0,1.0
DongXe_veracruz,37486.0,0.00013338312970175532,0.011548545210312407,0.0,0.0,0.0,0.0,1.0
DongXe_verna,37486.0,0.0005335325188070213,0.023092468198346254,0.0,0.0,0.0,0.0,1.0
DongXe_vigor,37486.0,2.6676625940351065e-05,0.00516494200745285,0.0,0.0,0.0,0.0,1.0
DongXe_vios,37486.0,0.04951181774529158,0.2169369795469743,0.0,0.0,0.0,0.0,1.0
DongXe_vitara,37486.0,0.0005068558928666702,0.022508054218053165,0.0,0.0,0.0,0.0,1.0
DongXe_vito,37486.0,5.335325188070213e-05,0.0073042336051080394,0.0,0.0,0.0,0.0,1.0
DongXe_vivant,37486.0,0.0010670650376140426,0.032648963932998515,0.0,0.0,0.0,0.0,1.0
DongXe_vm_qhr490,37486.0,2.6676625940351065e-05,0.005164942007452849,0.0,0.0,0.0,0.0,1.0
DongXe_voyager,37486.0,5.335325188070213e-05,0.007304233605108039,0.0,0.0,0.0,0.0,1.0
DongXe_wagon r+,37486.0,0.0003734727631649149,0.01932209203989234,0.0,0.0,0.0,0.0,1.0
DongXe_wigo,37486.0,0.004454996532038628,0.06659780669000813,0.0,0.0,0.0,0.0,1.0
DongXe_wira,37486.0,2.6676625940351065e-05,0.005164942007452849,0.0,0.0,0.0,0.0,1.0
DongXe_wish,37486.0,8.00298778210532e-05,0.008945703317957483,0.0,0.0,0.0,0.0,1.0
DongXe_wrangler,37486.0,2.6676625940351065e-05,0.00516494200745285,0.0,0.0,0.0,0.0,1.0
DongXe_wrx,37486.0,2.6676625940351065e-05,0.00516494200745285,0.0,0.0,0.0,0.0,1.0
DongXe_x terra,37486.0,0.00026676625940351065,0.016331019866543704,0.0,0.0,0.0,0.0,1.0
DongXe_x trail,37486.0,0.0015472443045403618,0.03930510847328224,0.0,0.0,0.0,0.0,1.0
DongXe_x1,37486.0,0.00042682601504561704,0.02065563400915374,0.0,0.0,0.0,0.0,1.0
DongXe_x2,37486.0,2.6676625940351065e-05,0.00516494200745285,0.0,0.0,0.0,0.0,1.0
DongXe_x3,37486.0,0.0005868857706877234,0.024218938522179694,0.0,0.0,0.0,0.0,1.0
DongXe_x4,37486.0,0.00024008963346315958,0.015493172491310716,0.0,0.0,0.0,0.0,1.0
DongXe_x5,37486.0,0.0006669156485087766,0.02581644149945932,0.0,0.0,0.0,0.0,1.0
DongXe_x6,37486.0,0.0006669156485087766,0.02581644149945932,0.0,0.0,0.0,0.0,1.0
DongXe_x7,37486.0,0.00040014938910526595,0.0199999985055111,0.0,0.0,0.0,0.0,1.0
DongXe_xa,37486.0,5.335325188070213e-05,0.007304233605108039,0.0,0.0,0.0,0.0,1.0
DongXe_xc40,37486.0,8.00298778210532e-05,0.008945703317957483,0.0,0.0,0.0,0.0,1.0
DongXe_xc60,37486.0,0.00021341300752280852,0.014607297987199978,0.0,0.0,0.0,0.0,1.0
DongXe_xc90,37486.0,0.00026676625940351065,0.016331019866543704,0.0,0.0,0.0,0.0,1.0
DongXe_xf,37486.0,0.0002934428853438617,0.017127889612987068,0.0,0.0,0.0,0.0,1.0
DongXe_xg,37486.0,5.335325188070213e-05,0.0073042336051080394,0.0,0.0,0.0,0.0,1.0
DongXe_xj series,37486.0,5.335325188070213e-05,0.007304233605108039,0.0,0.0,0.0,0.0,1.0
DongXe_xl 7,37486.0,0.0033879314944245853,0.058108032916295745,0.0,0.0,0.0,0.0,1.0
DongXe_xl7,37486.0,0.00010670650376140426,0.010329470645929966,0.0,0.0,0.0,0.0,1.0
DongXe_xl_7,37486.0,5.335325188070213e-05,0.007304233605108039,0.0,0.0,0.0,0.0,1.0
DongXe_xl_7_1,37486.0,0.0002934428853438617,0.017127889612987068,0.0,0.0,0.0,0.0,1.0
DongXe_xpander,37486.0,0.017713279624393105,0.131908997123748,0.0,0.0,0.0,0.0,1.0
DongXe_xpander cross,37486.0,0.002614309342154404,0.05106411939220687,0.0,0.0,0.0,0.0,1.0
DongXe_yaris,37486.0,0.006349036973803553,0.07942855282164549,0.0,0.0,0.0,0.0,1.0
DongXe_yaris verso,37486.0,8.00298778210532e-05,0.008945703317957483,0.0,0.0,0.0,0.0,1.0
DongXe_z300,37486.0,5.335325188070213e-05,0.007304233605108038,0.0,0.0,0.0,0.0,1.0
DongXe_z4,37486.0,8.00298778210532e-05,0.008945703317957483,0.0,0.0,0.0,0.0,1.0
DongXe_z500,37486.0,5.335325188070213e-05,0.0073042336051080394,0.0,0.0,0.0,0.0,1.0
DongXe_zace,37486.0,0.003948140639171958,0.06271090602681975,0.0,0.0,0.0,0.0,1.0
DongXe_zdx,37486.0,2.6676625940351065e-05,0.0051649420074528505,0.0,0.0,0.0,0.0,1.0
DongXe_zinger,37486.0,0.0006935922744491276,0.026327356391547225,0.0,0.0,0.0,0.0,1.0
DongXe_zt,37486.0,2.6676625940351065e-05,0.00516494200745285,0.0,0.0,0.0,0.0,1.0
DongXe_zxs,37486.0,2.6676625940351065e-05,0.005164942007452849,0.0,0.0,0.0,0.0,1.0
DiaDiem_An Giang,37486.0,0.00528197193618951,0.07248594948903027,0.0,0.0,0.0,0.0,1.0
DiaDiem_Bà Rịa - Vũng Tàu,37486.0,0.014138611748386064,0.11806389479398173,0.0,0.0,0.0,0.0,1.0
DiaDiem_Bình Dương,37486.0,0.051272475057354744,0.22055590230327102,0.0,0.0,0.0,0.0,1.0
DiaDiem_Bình Phước,37486.0,0.006188977218161447,0.07842727754267267,0.0,0.0,0.0,0.0,1.0
DiaDiem_Bình Thuận,37486.0,0.00325454836472283,0.05695649936382455,0.0,0.0,0.0,0.0,1.0
DiaDiem_Bình Định,37486.0,0.0035213146241263407,0.05923688526546156,0.0,0.0,0.0,0.0,1.0
DiaDiem_Bạc Liêu,37486.0,0.0004535026409859681,0.021291056082239287,0.0,0.0,0.0,0.0,1.0
DiaDiem_Bắc Giang,37486.0,0.005708797951235128,0.07534161534831156,0.0,0.0,0.0,0.0,1.0
DiaDiem_Bắc Kạn,37486.0,0.0002934428853438617,0.017127889612987068,0.0,0.0,0.0,0.0,1.0
DiaDiem_Bắc Ninh,37486.0,0.005868857706877235,0.0763843561387501,0.0,0.0,0.0,0.0,1.0
DiaDiem_Bến Tre,37486.0,0.0022675132049298405,0.04756502856980078,0.0,0.0,0.0,0.0,1.0
DiaDiem_Cao Bằng,37486.0,0.00021341300752280852,0.01460729798719998,0.0,0.0,0.0,0.0,1.0
DiaDiem_Cà Mau,37486.0,0.0006402390225684256,0.025295181072681736,0.0,0.0,0.0,0.0,1.0
DiaDiem_Cần Thơ,37486.0,0.018673638158245746,0.1353714233382193,0.0,0.0,0.0,0.0,1.0
DiaDiem_Gia Lai,37486.0,0.009470202208824628,0.09685436348549437,0.0,0.0,0.0,0.0,1.0
DiaDiem_Hà Giang,37486.0,0.0003201195112842128,0.017889258564434223,0.0,0.0,0.0,0.0,1.0
DiaDiem_Hà Nam,37486.0,0.0009070052819719362,0.03010326889110523,0.0,0.0,0.0,0.0,1.0
DiaDiem_Hà Nội,37486.0,0.2739422717814651,0.44598566073271384,0.0,0.0,0.0,1.0,1.0
DiaDiem_Hà Tĩnh,37486.0,0.003067811983140372,0.055303545119273094,0.0,0.0,0.0,0.0,1.0
DiaDiem_Hòa Bình,37486.0,0.001200448167315798,0.03462714365682439,0.0,0.0,0.0,0.0,1.0
DiaDiem_Hưng Yên,37486.0,0.0022408365789894896,0.047285038606450024,0.0,0.0,0.0,0.0,1.0
DiaDiem_Hải Dương,37486.0,0.011844421917515873,0.10818707788837549,0.0,0.0,0.0,0.0,1.0
DiaDiem_Hải Phòng,37486.0,0.018113429013498373,0.13336344014832627,0.0,0.0,0.0,0.0,1.0
DiaDiem_Hậu Giang,37486.0,0.0010670650376140426,0.032648963932998515,0.0,0.0,0.0,0.0,1.0
DiaDiem_Hồ Chí Minh,37486.0,0.3760070426292483,0.48438827990848926,0.0,0.0,0.0,1.0,1.0
DiaDiem_Khánh Hòa,37486.0,0.007149335752014085,0.08425207482313858,0.0,0.0,0.0,0.0,1.0
DiaDiem_Kiên Giang,37486.0,0.0022675132049298405,0.04756502856980078,0.0,0.0,0.0,0.0,1.0
DiaDiem_Kon Tum,37486.0,0.0015472443045403618,0.03930510847328224,0.0,0.0,0.0,0.0,1.0
DiaDiem_Lai Châu,37486.0,0.00024008963346315958,0.015493172491310716,0.0,0.0,0.0,0.0,1.0
DiaDiem_Long An,37486.0,0.00450834978391933,0.06699361383513865,0.0,0.0,0.0,0.0,1.0
DiaDiem_Lào Cai,37486.0,0.0006935922744491276,0.026327356391547225,0.0,0.0,0.0,0.0,1.0
DiaDiem_Lâm Đồng,37486.0,0.012271247932561489,0.11009535754878783,0.0,0.0,0.0,0.0,1.0
DiaDiem_Lạng Sơn,37486.0,0.0009870351597929894,0.03140202584016542,0.0,0.0,0.0,0.0,1.0
DiaDiem_Nam Định,37486.0,0.002801045723736862,0.05285143689367609,0.0,0.0,0.0,0.0,1.0
DiaDiem_Nghệ An,37486.0,0.008963346315957958,0.09425095073098465,0.0,0.0,0.0,0.0,1.0
DiaDiem_Ninh Bình,37486.0,0.0023475430827508935,0.04839519194514239,0.0,0.0,0.0,0.0,1.0
DiaDiem_Ninh Thuận,37486.0,0.0006669156485087766,0.025816441499459324,0.0,0.0,0.0,0.0,1.0
DiaDiem_Phú Thọ,37486.0,0.00474843941738249,0.06874603853816864,0.0,0.0,0.0,0.0,1.0
DiaDiem_Phú Yên,37486.0,0.0022408365789894896,0.047285038606450024,0.0,0.0,0.0,0.0,1.0
DiaDiem_Quảng Bình,37486.0,0.0005602091447473724,0.02366242267769158,0.0,0.0,0.0,0.0,1.0
DiaDiem_Quảng Nam,37486.0,0.004321613402336872,0.06559765126010414,0.0,0.0,0.0,0.0,1.0
DiaDiem_Quảng Ngãi,37486.0,0.001200448167315798,0.03462714365682439,0.0,0.0,0.0,0.0,1.0
DiaDiem_Quảng Ninh,37486.0,0.0027210158459158086,0.05209303514504947,0.0,0.0,0.0,0.0,1.0
DiaDiem_Quảng Trị,37486.0,0.0005068558928666702,0.022508054218053165,0.0,0.0,0.0,0.0,1.0
DiaDiem_Sóc Trăng,37486.0,0.0015739209304807128,0.03964196797990112,0.0,0.0,0.0,0.0,1.0
DiaDiem_Sơn La,37486.0,0.0008803286560315852,0.029657665815760827,0.0,0.0,0.0,0.0,1.0
DiaDiem_Thanh Hóa,37486.0,0.00901669956783866,0.09452849871541195,0.0,0.0,0.0,0.0,1.0
DiaDiem_Thái Bình,37486.0,0.004535026409859681,0.06719062716699112,0.0,0.0,0.0,0.0,1.0
DiaDiem_Thái Nguyên,37486.0,0.003681374379768447,0.06056335286430664,0.0,0.0,0.0,0.0,1.0
DiaDiem_Thừa Thiên Huế,37486.0,0.0034946379981859893,0.05901286643850181,0.0,0.0,0.0,0.0,1.0
DiaDiem_Tiền Giang,37486.0,0.004454996532038628,0.06659780669000813,0.0,0.0,0.0,0.0,1.0
DiaDiem_Trà Vinh,37486.0,0.0008002987782105319,0.028278607335414593,0.0,0.0,0.0,0.0,1.0
DiaDiem_Tuyên Quang,37486.0,0.0008002987782105319,0.02827860733541459,0.0,0.0,0.0,0.0,1.0
DiaDiem_Tây Ninh,37486.0,0.006829216240729873,0.08235750717081942,0.0,0.0,0.0,0.0,1.0
DiaDiem_Vĩnh Long,37486.0,0.0017073040601824682,0.04128479915893894,0.0,0.0,0.0,0.0,1.0
DiaDiem_Vĩnh Phúc,37486.0,0.0041615536466947664,0.06437659260243422,0.0,0.0,0.0,0.0,1.0
DiaDiem_Yên Bái,37486.0,0.0006135623966280745,0.024762921798160132,0.0,0.0,0.0,0.0,1.0
DiaDiem_Điện Biên,37486.0,0.0003467961372245638,0.018619482217639226,0.0,0.0,0.0,0.0,1.0
DiaDiem_Đà Nẵng,37486.0,0.026863362321933523,0.16168617590332093,0.0,0.0,0.0,0.0,1.0
DiaDiem_Đắk Lắk,37486.0,0.015685856052926425,0.12425868929711294,0.0,0.0,0.0,0.0,1.0
DiaDiem_Đắk Nông,37486.0,0.0008536520300912341,0.029205240317891564,0.0,0.0,0.0,0.0,1.0
DiaDiem_Đồng Nai,37486.0,0.03361254868484234,0.18023210537779571,0.0,0.0,0.0,0.0,1.0
DiaDiem_Đồng Tháp,37486.0,0.0033879314944245853,0.058108032916295745,0.0,0.0,0.0,0.0,1.0
XuatXu_Nhập khẩu,37486.0,0.4477671664087926,0.4972708795480418,0.0,0.0,0.0,1.0,1.0
XuatXu_Trong nước,37486.0,0.5522328335912073,0.4972708795480417,0.0,0.0,1.0,1.0,1.0
KieuDang_Convertible,37486.0,0.0001600597556421064,0.01265062867218139,0.0,0.0,0.0,0.0,1.0
KieuDang_Coupe,37486.0,0.00042682601504561704,0.02065563400915374,0.0,0.0,0.0,0.0,1.0
KieuDang_Coupe (2 cửa),37486.0,0.0034946379981859893,0.05901286643850181,0.0,0.0,0.0,0.0,1.0
KieuDang_Hatchback,37486.0,0.15197673798218,0.3590031298814163,0.0,0.0,0.0,0.0,1.0
KieuDang_Kiểu dáng khác,37486.0,0.02435575948354052,0.15415313939476388,0.0,0.0,0.0,0.0,1.0
KieuDang_Minivan,37486.0,0.0026943392199754576,0.051837741465817905,0.0,0.0,0.0,0.0,1.0
KieuDang_Minivan (MPV),37486.0,0.0914741503494638,0.2882860510516202,0.0,0.0,0.0,0.0,1.0
KieuDang_Mui trần,37486.0,0.0010937416635543936,0.03305411531005007,0.0,0.0,0.0,0.0,1.0
KieuDang_Offroad,37486.0,0.0001600597556421064,0.012650628672181388,0.0,0.0,0.0,0.0,1.0
KieuDang_Pick-up (bán tải),37486.0,0.0675452168809689,0.2509672105525062,0.0,0.0,0.0,0.0,1.0
KieuDang_Pickup,37486.0,0.004454996532038628,0.06659780669000812,0.0,0.0,0.0,0.0,1.0
KieuDang_SUV,37486.0,0.023422077575628236,0.15124183965199736,0.0,0.0,0.0,0.0,1.0
KieuDang_SUV / Cross over,37486.0,0.24134343488235607,0.4279038044422965,0.0,0.0,0.0,0.0,1.0
KieuDang_Sedan,37486.0,0.3731526436536307,0.4836486206713071,0.0,0.0,0.0,1.0,1.0
KieuDang_Van,37486.0,0.014111935122445712,0.11795405701246134,0.0,0.0,0.0,0.0,1.0
KieuDang_Wagon,37486.0,0.00013338312970175532,0.011548545210312407,0.0,0.0,0.0,0.0,1.0
NhienLieu_Dầu,37486.0,0.16387451315157658,0.3701666008847376,0.0,0.0,0.0,0.0,1.0
NhienLieu_Hỗn hợp,37486.0,0.0004535026409859681,0.021291056082239287,0.0,0.0,0.0,0.0,1.0
NhienLieu_Xăng,37486.0,0.8343381529104199,0.37178177308292587,0.0,1.0,1.0,1.0,1.0
NhienLieu_Điện,37486.0,2.6676625940351065e-05,0.00516494200745285,0.0,0.0,0.0,0.0,1.0
NhienLieu_Động cơ Hybrid,37486.0,0.001307154671077202,0.036131438437560434,0.0,0.0,0.0,0.0,1.0
HopSo_Bán tự động,37486.0,0.010377207490796564,0.10133999713326286,0.0,0.0,0.0,0.0,1.0
HopSo_Số sàn,37486.0,0.3554393640292376,0.478652623898652,0.0,0.0,0.0,1.0,1.0
HopSo_Tự động,37486.0,0.6341834284799659,0.4816648176119613,0.0,0.0,1.0,1.0,1.0
Tuoi,37486.0,5.203409272795177,5.91810186515888,0.0,1.0,3.0,8.0,39.0
